<?xml version="1.0" encoding="utf-8"?>
<!--/1123530/1606376/2.50/4/4/Connector/-->
<quadcept_library>
  <setting unit="mil" />
  <textstyle name="Default" height="47.244094488189" strokewidth="7.8740157480315" charwidth="47.244094488189" />
  <textstyle name="Dimension" height="19.6850393700787" strokewidth="0" charwidth="19.6850393700787" />
  <textstyle name="H127W0635TH00762" height="50" strokewidth="3" charwidth="25" />
  <textstyle name="H15W15TH02" height="59.0551181102362" strokewidth="7.8740157480315" charwidth="59.0551181102362" />
  <padstyle name="c255_h170" surface="False" plated="True" isvia="False" nopaste="True" nomask="True" complex="False" holesize="66.929133858267">
    <padshape layer="TOP" shape="round" width="100.3937007874" height="100.3937007874" />
    <padshape layer="TOP_SOLDER_MASK" shape="round" width="108.26771653543" height="108.26771653543" />
    <padshape layer="INNER" shape="round" width="100.3937007874" height="100.3937007874" />
    <padshape layer="BOTTOM" shape="round" width="100.3937007874" height="100.3937007874" />
    <padshape layer="BOTTOM_SOLDER_MASK" shape="round" width="108.26771653543" height="108.26771653543" />
  </padstyle>
  <footprint name="CT3151SP2" originx="0" originy="0" pickpointx="0" pickpointy="0">
    <pcbpin number="1" name="1" style="c255_h170" originx="0" originy="0" rotation="90" />
    <pcbpin number="2" name="2" style="c255_h170" originx="200" originy="0" rotation="90" />
    <pcbpin number="3" name="3" style="c255_h170" originx="200" originy="200" rotation="90" />
    <pcbpin number="4" name="4" style="c255_h170" originx="0" originy="200" rotation="90" />
    <line layer="TOP_ASSEMBLY" originx="218.11023622047" originy="-165.74803149606" endx="-872.44094488188" endy="-165.74803149606" width="7.8740157480314" />
    <line layer="TOP_ASSEMBLY" originx="-872.44094488188" originy="-165.74803149606" endx="-872.44094488188" endy="365.74803149606" width="7.8740157480314" />
    <line layer="TOP_ASSEMBLY" originx="-872.44094488188" originy="365.74803149606" endx="218.11023622047" endy="365.74803149606" width="7.8740157480314" />
    <line layer="TOP_ASSEMBLY" originx="218.11023622047" originy="365.74803149606" endx="218.11023622047" endy="-165.74803149606" width="7.8740157480314" />
    <line layer="TOP_PLACE_BOUND" originx="-911.81102362204" originy="405.11811023622" endx="289.56692913385" endy="405.11811023622" width="3.9370078740157" />
    <line layer="TOP_PLACE_BOUND" originx="289.56692913385" originy="405.11811023622" endx="289.56692913385" endy="-205.11811023622" width="3.9370078740157" />
    <line layer="TOP_PLACE_BOUND" originx="289.56692913385" originy="-205.11811023622" endx="-911.81102362204" endy="-205.11811023622" width="3.9370078740157" />
    <line layer="TOP_PLACE_BOUND" originx="-911.81102362204" originy="-205.11811023622" endx="-911.81102362204" endy="405.11811023622" width="3.9370078740157" />
    <line layer="TOP_SILKSCREEN" originx="218.11023622047" originy="277.16535433071" endx="218.11023622047" endy="365.74803149606" width="3.9370078740157" />
    <line layer="TOP_SILKSCREEN" originx="218.11023622047" originy="365.74803149606" endx="-872.44094488188" endy="365.74803149606" width="3.9370078740157" />
    <line layer="TOP_SILKSCREEN" originx="-872.44094488188" originy="365.74803149606" endx="-872.44094488188" endy="-165.74803149606" width="3.9370078740157" />
    <line layer="TOP_SILKSCREEN" originx="-872.44094488188" originy="-165.74803149606" endx="218.11023622047" endy="-165.74803149606" width="3.9370078740157" />
    <line layer="TOP_SILKSCREEN" originx="218.11023622047" originy="-165.74803149606" endx="218.11023622047" endy="-77.165354330708" width="3.9370078740157" />
  </footprint>
  <symbol name="CT3151SP-2" originx="0" originy="0">
    <line originx="200" originy="100" endx="600" endy="100" width="0" />
    <line originx="600" originy="-200" endx="600" endy="100" width="0" />
    <line originx="600" originy="-200" endx="200" endy="-200" width="0" />
    <line originx="200" originy="100" endx="200" endy="-200" width="0" />
    <sympin number="1" originx="200" originy="-100" rotation="180" length="100" width="7.8740157480315" flipped="False">
      <text name="pinname" originx="230" originy="-100" style="Default" rotation="0" justify="left" flipped="False" hidden="False" data="1" />
      <text name="pindes" originx="140" originy="-80" style="Default" rotation="0" justify="lowerright" flipped="False" hidden="False" data="1" />
    </sympin>
    <sympin number="2" originx="600" originy="-100" rotation="0" length="100" width="7.8740157480315" flipped="False">
      <text name="pinname" originx="570" originy="-100" style="Default" rotation="0" justify="right" flipped="False" hidden="False" data="2" />
      <text name="pindes" originx="660" originy="-80" style="Default" rotation="0" justify="lowerleft" flipped="False" hidden="False" data="2" />
    </sympin>
    <sympin number="3" originx="600" originy="0" rotation="0" length="100" width="7.8740157480315" flipped="False">
      <text name="pinname" originx="570" originy="0" style="Default" rotation="0" justify="right" flipped="False" hidden="False" data="3" />
      <text name="pindes" originx="660" originy="20" style="Default" rotation="0" justify="lowerleft" flipped="False" hidden="False" data="3" />
    </sympin>
    <sympin number="4" originx="200" originy="0" rotation="180" length="100" width="7.8740157480315" flipped="False">
      <text name="pinname" originx="230" originy="0" style="Default" rotation="0" justify="left" flipped="False" hidden="False" data="4" />
      <text name="pindes" originx="140" originy="20" style="Default" rotation="0" justify="lowerright" flipped="False" hidden="False" data="4" />
    </sympin>
  </symbol>
  <component name="CT3151SP-2" designatorprefix="J" height="531.49606299212" footprint="CT3151SP2">
    <comppin designator="1" sympin="1" pinswap="0" gateswap="0" gate="1" group="1" side="" type="Any" name="1" />
    <comppin designator="2" sympin="2" pinswap="0" gateswap="0" gate="1" group="1" side="" type="Any" name="2" />
    <comppin designator="3" sympin="3" pinswap="0" gateswap="0" gate="1" group="1" side="" type="Any" name="3" />
    <comppin designator="4" sympin="4" pinswap="0" gateswap="0" gate="1" group="1" side="" type="Any" name="4" />
    <attached_symbol gate="1" name="CT3151SP-2" />
    <pinmap designator="1" footprintpin="1" />
    <pinmap designator="2" footprintpin="2" />
    <pinmap designator="3" footprintpin="3" />
    <pinmap designator="4" footprintpin="4" />
    <text name="Datasheet" originx="0" originy="0" style="Default" rotation="0" justify="" flipped="False" hidden="True" data="https://www.mouser.com/datasheet/2/701/P315100rH_drawing-1501473.pdf" />
    <text name="Description" originx="0" originy="0" style="Default" rotation="0" justify="" flipped="False" hidden="True" data="Test Plugs &amp; Test Jacks SafetyJack,Horz PCB" />
    <text name="Manufacturer_Name" originx="0" originy="0" style="Default" rotation="0" justify="" flipped="False" hidden="True" data="Cal Test" />
    <text name="Manufacturer_Part_Number" originx="650" originy="200" style="Default" rotation="0" justify="left" flipped="False" hidden="False" data="CT3151SP-2" />
    <text name="Mouser Part Number" originx="0" originy="0" style="Default" rotation="0" justify="" flipped="False" hidden="True" data="510-CT3151SP-2" />
    <text name="Mouser Price/Stock" originx="0" originy="0" style="Default" rotation="0" justify="" flipped="False" hidden="True" data="https://www.mouser.co.uk/ProductDetail/Cal-Test/CT3151SP-2?qs=vgjKjNJexTiE58m2a2m1iA%3D%3D" />
    <text name="Arrow Part Number" originx="0" originy="0" style="Default" rotation="0" justify="" flipped="False" hidden="True" data="" />
    <text name="Arrow Price/Stock" originx="0" originy="0" style="Default" rotation="0" justify="" flipped="False" hidden="True" data="" />
  </component>
</quadcept_library>
